filename,stimulus,correct,correct_side
AS_SEEGsansDenoV2_aigle_montagne.jpg,aigle,montagne,droite
AS_SEEGsansDenoV2_allumettes_bougie.jpg,allumettes,bougie,droite
AS_SEEGsansDenoV2_ananas_couteau.jpg,ananas,couteau,droite
AS_SEEGsansDenoV2_ancre_paquebot.jpg,ancre,paquebot,droite
AS_SEEGsansDenoV2_ane_carotte.jpg,ane,carotte,gauche
AS_SEEGsansDenoV2_antivol_velo.jpg,antivol,velo,gauche
AS_SEEGsansDenoV2_arrosoir_fleur.jpg,arrosoir,fleur,droite
AS_SEEGsansDenoV2_avion_oiseau.jpg,avion,oiseau,gauche
AS_SEEGsansDenoV2_balai_aspirateur.jpg,balai,aspirateur,gauche
AS_SEEGsansDenoV2_brosseadent_bouche.jpg,brosseadent,bouche,droite
AS_SEEGsansDenoV2_brouette_pelle.jpg,brouette,pelle,droite
AS_SEEGsansDenoV2_cactus_desert.jpg,cactus,desert,gauche
AS_SEEGsansDenoV2_camion_carton.jpg,camion,carton,droite
AS_SEEGsansDenoV2_canard_etang.jpg,canard,etang,gauche
AS_SEEGsansDenoV2_chameau_desert.jpg,chameau,desert,gauche
AS_SEEGsansDenoV2_chapeau_tete.jpg,chapeau,tete,gauche
AS_SEEGsansDenoV2_chateau_chevalier.jpg,chateau,chevalier,gauche
AS_SEEGsansDenoV2_chauvesouris_nuit.jpg,chauvesouris,nuit,gauche
AS_SEEGsansDenoV2_chien_niche.jpg,chien,niche,droite
AS_SEEGsansDenoV2_ciseaux_feuilledepapier.jpg,ciseaux,feuilledepapier,gauche
AS_SEEGsansDenoV2_cle_porte.jpg,cle,porte,gauche
AS_SEEGsansDenoV2_clou_marteau.jpg,clou,marteau,gauche
AS_SEEGsansDenoV2_compas_cartable.jpg,compas,cartable,droite
AS_SEEGsansDenoV2_cravate_chemise.jpg,cravate,chemise,gauche
AS_SEEGsansDenoV2_crocodile_sacamain.jpg,crocodile,sacamain,droite
AS_SEEGsansDenoV2_cygne_etang.jpg,cygne,etang,droite
AS_SEEGsansDenoV2_ecureuil_gland.jpg,ecureuil,gland,droite
AS_SEEGsansDenoV2_elephant_cirque.jpg,elephant,cirque,gauche
AS_SEEGsansDenoV2_fleche_arc.jpg,fleche,arc,gauche
AS_SEEGsansDenoV2_flute_trompette.jpg,flute,trompette,droite
AS_SEEGsansDenoV2_fraise_sucre.jpg,fraise,sucre,droite
AS_SEEGsansDenoV2_grenouille_nenuphar.jpg,grenouille,nenuphar,droite
AS_SEEGsansDenoV2_groupedegens_bus.jpg,groupedegens,bus,gauche
AS_SEEGsansDenoV2_gruyere_souris.jpg,gruyere,souris,droite
AS_SEEGsansDenoV2_hache_buche.jpg,hache,buche,gauche
AS_SEEGsansDenoV2_lapin_carotte.jpg,lapin,carotte,gauche
AS_SEEGsansDenoV2_lezard_soleil.jpg,lezard,soleil,droite
AS_SEEGsansDenoV2_luge_skis.jpg,luge,skis,droite
AS_SEEGsansDenoV2_lunettes_oeil.jpg,lunettes,oeil,gauche
AS_SEEGsansDenoV2_main_gant.jpg,main,gant,gauche
AS_SEEGsansDenoV2_mais_champ.jpg,mais,champ,droite
AS_SEEGsansDenoV2_marteau_clou.jpg,marteau,clou,droite
AS_SEEGsansDenoV2_masque_clown.jpg,masque,clown,gauche
AS_SEEGsansDenoV2_moto_blouson.jpg,moto,blouson,droite
AS_SEEGsansDenoV2_moulinavent_campagne.jpg,moulinavent,campagne,gauche
AS_SEEGsansDenoV2_mouton_loup.jpg,mouton,loup,gauche
AS_SEEGsansDenoV2_niche_chien.jpg,niche,chien,gauche
AS_SEEGsansDenoV2_orange_jus.jpg,orange,jus,gauche
AS_SEEGsansDenoV2_oreillers_lit.jpg,oreillers,lit,gauche
AS_SEEGsansDenoV2_ours_miel.jpg,ours,miel,droite
AS_SEEGsansDenoV2_perroquet_perchoir.jpg,perroquet,perchoir,gauche
AS_SEEGsansDenoV2_piano_partition.jpg,piano,partition,gauche
AS_SEEGsansDenoV2_pile_lampetorche.jpg,pile,lampetorche,droite
AS_SEEGsansDenoV2_pomme_ver.jpg,pomme,ver,droite
AS_SEEGsansDenoV2_poubelle_balai.jpg,poubelle,balai,droite
AS_SEEGsansDenoV2_pyjama_pantoufles.jpg,pyjama,pantoufles,droite
AS_SEEGsansDenoV2_pyramide_palmier.jpg,pyramide,palmier,gauche
AS_SEEGsansDenoV2_rhinoceros_lion.jpg,rhinoceros,lion,gauche
AS_SEEGsansDenoV2_rideau_fenetre.jpg,rideau,fenetre,droite
AS_SEEGsansDenoV2_scie_branche.jpg,scie,branche,droite
AS_SEEGsansDenoV2_selle_cheval.jpg,selle,cheval,droite
AS_SEEGsansDenoV2_serpent_desert.jpg,serpent,desert,droite
AS_SEEGsansDenoV2_sifflet_gendarme.jpg,sifflet,gendarme,droite
AS_SEEGsansDenoV2_singe_banane.jpg,singe,banane,droite
AS_SEEGsansDenoV2_souris_chat.jpg,souris,chat,droite
AS_SEEGsansDenoV2_tableau_bureau.jpg,tableau,bureau,droite
AS_SEEGsansDenoV2_tambour_baguettes.jpg,tambour,baguettes,gauche
AS_SEEGsansDenoV2_tente_feudecamp.jpg,tente,feudecamp,gauche
AS_SEEGsansDenoV2_tortue_salade.jpg,tortue,salade,gauche
AS_SEEGsansDenoV2_toupie_main.jpg,toupie,main,gauche
AS_SEEGsansDenoV2_tulipe_jardinier.jpg,tulipe,jardinier,gauche
AS_SEEGsansDenoV2_ventilateur_soleil.jpg,ventilateur,soleil,droite
AS_SEEGsansDenoV2_vin_bouteille.jpg,vin,bouteille,droite
AS_SEEGsansDenoV2_vin_raisin.jpg,vin,raisin,gauche
AS_SEEGsansDenoV2_zebre_savane.jpg,zebre,savane,droite
